{"_wandb":{"runtime":65},"train/global_step":400,"_step":7,"train/loss":0.48,"train/learning_rate":4.757033248081842e-05,"train/epoch":0.1461454146876142,"train/grad_norm":7.9558844566345215,"_runtime":65,"_timestamp":1.7658861194873457e+09}